RefNo.,BranchName,MachineType
FBA18864569407,Airport,Forklift
FBA47757822557,Airport,Forklift
P39080,Airport,PPT
P45075,Airport,PPT
P76104,Airport,PPT
R54565,Airport,Reach Truck
FBA16610949181,Harbour,Forklift
FBA23508741476,Harbour,Forklift
FBA33639374813,Harbour,Forklift
FBA84950350100,Harbour,Forklift
P10942,Harbour,PPT
P57083,Harbour,PPT
R39480,Harbour,Reach Truck
R80275,Harbour,Reach Truck
R94267,Harbour,Reach Truck
FBA17235852174,Northgate,Forklift
FBA40546075912,Northgate,Forklift
FBA74922128580,Northgate,Forklift
P20578,Northgate,PPT
P44373,Northgate,PPT
R10652,Northgate,Reach Truck
R65738,Northgate,Reach Truck
R88897,Northgate,Reach Truck
FBA00506378449,Riverside,Forklift
FBA60251489088,Riverside,Forklift
FBA76997625228,Riverside,Forklift
P24799 ,Riverside,PPT
P31694 ,Riverside,PPT
R32619,Riverside,Reach Truck
R48547,Riverside,Reach Truck
